elapsed_sec,good,rejected,P01_mode,P02_mode,P03_mode,P04_mode,P05_mode
0,0,0,normal,normal,normal,normal,normal
900,10,0,normal,normal,normal,normal,normal
1800,23,0,normal,normal,normal,normal,normal
2700,35,1,normal,normal,normal,normal,normal
3600,48,2,normal,normal,normal,normal,normal
4500,61,2,normal,normal,normal,normal,normal
5400,73,3,normal,normal,normal,normal,normal
6300,86,3,normal,normal,normal,normal,normal
7200,99,4,normal,normal,stop,normal,normal
8100,100,4,normal,normal,stop,normal,normal
9000,100,4,normal,normal,normal,normal,normal
9900,114,4,normal,normal,normal,normal,normal
10800,128,5,normal,normal,normal,normal,normal
11700,144,5,normal,normal,normal,normal,normal
12600,158,6,normal,normal,normal,normal,normal
13500,173,7,normal,normal,normal,normal,normal
14400,188,7,normal,normal,slow,normal,normal
15300,195,8,normal,normal,slow,normal,normal
16200,203,8,normal,normal,normal,normal,normal
17100,216,9,normal,normal,normal,normal,normal
18000,232,9,normal,normal,normal,normal,normal
18900,246,10,normal,normal,normal,normal,normal
19800,262,10,normal,normal,normal,normal,normal
20700,276,11,normal,normal,normal,normal,normal
21600,288,12,normal,normal,normal,slow,normal
22500,298,12,normal,normal,normal,normal,normal
23400,313,13,normal,normal,normal,normal,normal
24300,327,13,normal,normal,normal,normal,normal
25200,339,14,normal,normal,normal,normal,normal
26100,353,14,normal,normal,normal,normal,normal
27000,365,15,normal,normal,normal,normal,normal
27900,378,15,normal,normal,normal,normal,normal
28800,390,16,normal,normal,normal,normal,normal
